Actual,CNN_Prediction,Real_SNN_Prediction,True_Hybrid_Prediction,CNN_Error,SNN_Error,Hybrid_Error
17.6846162,17.415022679460957,17.977247067583516,17.63991243470998,0.2695935205390434,-0.2926308675835152,0.04470376529001996
17.8692435,16.6634273015389,17.751912900103047,17.098821469438985,1.2058161984611004,0.11733059989695249,0.770422030561015
17.0226782,16.455775805605366,18.476653405321553,17.26412684549184,0.566902394394635,-1.4539752053215516,-0.24144864549183964
15.1936643,15.814358242643788,15.5573744260201,15.711564727915242,-0.6206939426437881,-0.36371012602010033,-0.5179004279152419
13.380734299999999,13.704051681650594,13.836213000906422,13.756916113985493,-0.323317381650595,-0.45547870090642384,-0.3761818139854949
11.071367,11.645994254244282,12.070278950823262,11.815707989824727,-0.5746272542442821,-0.9989119508232616,-0.7443409898247264
10.597827800000001,10.142859288347676,10.186284848345235,10.1602295123467,0.454968511652325,0.4115429516547664,0.43759828765330155
10.681733000000001,9.645541974199727,10.00080043901296,9.787645169390156,1.0361910258002744,0.680932560987042,0.8940878306098448
10.8586613,9.687503167284444,10.614225693834737,10.05819208253713,1.171158132715556,0.24443560616526305,0.8004692174628705
11.646016499999998,10.551487275255635,11.223486252916768,10.820286580217793,1.0945292247443632,0.4225302470832304,0.825729919782205
13.2032321,12.061613150728657,12.53352553476186,12.250377961290791,1.1416189492713418,0.6697065652381387,0.952854138709208
14.3763109,14.236858018530324,15.370278664720967,14.690226279986813,0.13945288146967627,-0.993967764720967,-0.3139153799868133
15.4875959,15.007609390510037,15.575063773287251,15.234591164482548,0.47998650948996335,-0.0874678732872507,0.25300473551745206
16.4807693,15.714211829794362,16.840963908327534,16.164912649286702,0.7665574702056368,-0.3601946083275358,0.3158566507132967
17.3158005,16.577871152056172,17.987286397112324,17.14163739312978,0.7379293479438296,-0.6714858971123228,0.17416310687022118
18.1329875,17.033858367098286,18.29059249986501,17.536552020204976,1.0991291329017123,-0.1576049998650113,0.5964354797950229
18.6209807,17.563993521822407,18.656664677751973,18.001062222612813,1.056987178177593,-0.03568397775197241,0.6199184773871877
18.4281502,17.867302485598042,19.39695818055959,18.47916490663381,0.5608477144019588,-0.968807980559589,-0.051014706633807805
18.3656105,18.0779963218102,19.304263898027852,18.568503447664693,0.2876141781897985,-0.9386533980278529,-0.20289294766469368
18.8778652,18.011364050997212,19.09905321229787,18.446439810884907,0.8665011490027865,-0.22118801229787266,0.4314253891150912
19.3320651,18.497463770998433,20.050699063433125,19.118758031023457,0.8346013290015684,-0.718633963433124,0.21330706897654395
19.104618300000002,18.67139322389455,19.826487847460225,19.133431264055684,0.433225076105451,-0.7218695474602228,-0.02881296405568179
18.1012064,18.37807995904775,19.486490079058125,18.82144434083791,-0.27687355904775046,-1.3852836790581264,-0.7202379408379116
17.5307647,17.65139538873525,18.29878933061452,17.910353013170674,-0.1206306887352504,-0.7680246306145229,-0.3795883131706752
17.4059542,16.624007531298115,17.93386060823293,17.147949048174336,0.7819466687018846,-0.5279064082329299,0.25800515182566386
16.2673712,15.695510753286793,16.244559951914265,15.915130444658711,0.571860446713206,0.022811248085734093,0.3522407553412883
14.3070899,14.104244001997426,14.500648566378072,14.262805827749684,0.20284589800257358,-0.19355866637807218,0.044284072250315276
12.7373766,12.395692654741719,12.202344485414937,12.318353243959859,0.3416839452582803,0.5350321145850625,0.4190233560401406
10.9092179,11.127919741762593,11.549109049929097,11.296395131243184,-0.21870184176259322,-0.6398911499290971,-0.38717723124318404
10.5468342,10.36656267274709,10.705292531145528,10.502054520739033,0.18027152725290918,-0.15845833114552832,0.04477967926096582
10.7188039,10.228836842668965,10.21044523347707,10.221480198992207,0.4899670573310342,0.5083586665229287,0.497323701007792
11.0550449,10.419249840868428,10.737560101641133,10.54657394517751,0.6357950591315724,0.31748479835886734,0.5084709548224904
11.798843,11.23585707773061,11.511103459490254,11.345955678118184,0.5629859222693891,0.2877395405097456,0.4528873218818159
13.4490178,12.908417411936238,13.15595180620046,13.007431098116353,0.540600388063762,0.2930659937995408,0.44158670188364724
14.8412085,14.415547677172139,15.659944840563252,14.913306542528584,0.42566082282786155,-0.8187363405632517,-0.07209804252858376
15.8985168,15.50184065927358,16.20674569238515,15.783802696360066,0.3966761407264201,-0.30822889238515216,0.11471410363993328
17.2208882,16.258223124636128,17.256279297960713,16.65744573701711,0.9626650753638728,-0.03539109796071216,0.5634424629828914
18.4406024,17.134159871233418,18.558501549852803,17.703896590364888,1.3064425287665813,-0.11789914985280348,0.7367058096351116
19.3141644,17.960205622805073,19.234021969927266,18.469732113970235,1.3539587771949257,0.08014243007273336,0.8444322860297646
20.1625583,18.595654793871358,20.251144238604024,19.257850476396992,1.566903506128643,-0.08858593860402308,0.9047078236030082
20.96368,18.977413960588887,20.592706509722188,19.62353117097707,1.9862660394111131,0.37097349027781235,1.3401488290229295
21.539690800000002,19.601930924547627,21.885868855608418,20.515506573809102,1.9377598754523753,-0.34617805560841575,1.0241842261909007
22.081329399999998,20.021925278795674,22.402258702410176,20.97405893434377,2.0594041212043237,-0.32092930241017825,1.107270465656228
22.525222000000003,20.253944226396992,22.036682912004903,20.96703989137502,2.2712777736030105,0.4885390879951004,1.5581821086249832
22.6805245,20.308975525988057,21.946644612444356,20.96404344667287,2.3715489740119438,0.7338798875556449,1.7164810533271293
22.0765254,20.050700970781758,21.91941625703664,20.79818708528371,2.0258244292182432,0.15710914296336043,1.2783383147162901
21.3774825,19.624176808489278,21.25855714906545,20.27792913545461,1.7533056915107217,0.11892535093454981,1.0995533645453897
21.326969100000003,18.681155987871602,20.695199319017842,19.486773320330098,2.645813112128401,0.631769780982161,1.840195779669905
20.1134732,17.817305871141865,20.318203755510762,18.817664929521992,2.296167328858136,-0.20473055551076058,1.295808270478009
17.971091299999998,16.949568339479878,18.055165120256856,17.3918071471581,1.0215229605201195,-0.08407382025685806,0.5792841528418968
15.9041465,14.918727085782006,16.195705720079854,15.429518529070332,0.9854194142179935,-0.29155922007985424,0.47462797092966724
13.5468281,12.964879103792622,14.020322986734822,13.387056537760213,0.5819489962073785,-0.4734948867348212,0.15977156223978817
12.9105679,12.295275756014302,12.928021141184285,12.548373767031148,0.6152921439856982,-0.017453241184284707,0.3621941329688525
12.915413700000002,11.969171830309346,12.289168664110615,12.097170420778706,0.946241869690656,0.6262450358893865,0.8182432792212957
13.1012778,12.131157227648213,13.10855371583791,12.522115775240376,0.970120572351787,-0.007275915837910318,0.5791620247596239
13.889833799999998,12.831418224466756,13.75310916532369,13.200094529283955,1.0584155755332425,0.1367246346763089,0.6897392707160428
15.5695703,14.438821085585072,15.874486275804951,15.013087146771863,1.1307492144149283,-0.3049159758049509,0.5564831532281378
17.3633086,16.85884053338857,17.453725644243672,17.096794673098042,0.5044680666114303,-0.09041704424367225,0.26651392690195763
18.5843002,17.69032795060964,19.47453672517629,18.40401155580373,0.8939722493903624,-0.890236525176288,0.18028864419627055
19.906764199999998,18.314527341021016,19.73103315461965,18.881129571093037,1.592236858978982,0.17573104538034912,1.0256346289069604
21.4470458,19.14590198625417,20.435494252336934,19.66173917878957,2.3011438137458313,1.0115515476630677,1.785306621210431
22.516990299999996,19.8860538684258,21.199457474840596,20.41141588319631,2.630936431574195,1.3175328251594003,2.1055744168036874
23.1167475,20.531828232897237,22.375955411089375,21.26947958101125,2.5849192671027623,0.7407920889106236,1.8472679189887486
23.622477200000002,20.82634622682424,22.396254368914082,21.45430976976247,2.7961309731757638,1.22622283108592,2.1681674302375313
24.039651600000003,21.189855881823018,23.102988072527364,21.95510894883962,2.849795718176985,0.9366635274726391,2.0845426511603833
24.5627969,21.63119823564382,23.55578786958547,22.40103418458791,2.93159866435618,1.0070090304145296,2.161762715412088
25.014964900000003,22.07389671434255,23.818555661333516,22.771760769976094,2.9410681856574534,1.1964092386664866,2.2432041300239085
25.037960899999998,22.33227426637502,23.803989239824727,22.920960255754903,2.7056866336249783,1.2339716601752713,2.1170006442450955
24.4017654,22.192218133104756,23.620087453020528,22.763366528643086,2.2095472668952425,0.781677946979471,1.6383988713569124
23.7590023,21.62463791002126,23.27270681489797,22.28386575807424,2.134364389978739,0.4862954851020298,1.4751365419257603
23.7172654,20.388281651628926,22.679727383745625,21.304859944475606,3.3289837483710727,1.0375380162543735,2.412405455524393
22.4406884,19.553753682268574,21.315430470598653,20.25842458833547,2.8869347177314246,1.1252579294013465,2.18226381166453
20.2698457,18.834810563219502,20.95877630342336,19.68439705003591,1.435035136780499,-0.6889306034233584,0.5854486499640927
18.175001,17.23891718019338,17.786693402422383,17.45802766908498,0.9360838198066226,0.3883075975776187,0.716973330915021
14.68258,14.176676341188863,15.538734265459492,14.721499481094792,0.5059036588111372,-0.8561542654594927,-0.038919481094792374
14.060828200000001,13.090513058794453,13.557163425577595,13.277173110140279,0.970315141205548,0.5036647744224059,0.7836550898597228
13.9105223,12.701962062014058,13.557533212793782,13.044190474642232,1.2085602379859424,0.35298908720621824,0.8663318253577685
13.9685346,12.901815005434468,13.750890203607991,13.241445013178303,1.066719594565532,0.21764439639200894,0.7270895868216964
14.5809747,13.762859650743916,14.709097006214574,14.141354569090321,0.8181150492560842,-0.1281223062145731,0.4396201309096792
15.9695101,15.142433860195592,15.262323208940938,15.190389611614659,0.8270762398044091,0.7071868910590631,0.7791204883853418
16.992853,17.604887314928487,18.496495076311543,17.96153051484914,-0.6120343149284864,-1.503642076311543,-0.9686775148491407
17.6975366,17.958037921083882,18.484345265520528,18.168561049593404,-0.2605013210838827,-0.7868086655205282,-0.47102444959340417
18.5633019,18.17676479448171,18.761156865251973,18.410521813524678,0.3865371055182898,-0.19785496525197388,0.15278008647532104
19.3371058,18.66520459283681,19.043693371904805,18.816600152147725,0.671901207163188,0.29341242809519485,0.5205056478522749
19.806968899999998,19.00497228731008,19.660239049089864,19.267079182756856,0.8019966126899192,0.14672985091013402,0.5398897172431418
20.1531505,19.17264635194631,20.21558315385671,19.58982164491506,0.98050414805369,-0.062432653856710374,0.56332885508494
20.836505900000002,19.199563332689717,20.744961568010762,19.817722626818135,1.6369425673102853,0.09154433198924039,1.0187832731818673
21.450048,19.596234151018574,20.64153177369924,20.014353581560567,1.8538138489814244,0.8085162263007604,1.4356944184394322
21.816285699999998,20.230229684008076,21.642649479998067,20.795197793138936,1.5860560159919217,0.17363622000193146,1.0210879068610623
22.2406712,20.715395280016377,22.081293889177754,21.26175481904836,1.525275919983624,0.15937731082224715,0.9789163809516417
22.2071277,20.95068246950002,22.66228086580129,21.63532192338796,1.2564452304999811,-0.4551531658012884,0.5718057766120417
21.397720699999997,20.869774647844746,22.875872441423848,21.67221386064382,0.5279460521552508,-1.4781517414238508,-0.27449316064382145
20.7835734,20.08602411378713,21.629039593828633,20.703230687273457,0.6975492862128725,-0.8454661938286314,0.08034271272654436
20.3011175,18.796257563723042,21.262169190538838,19.782622166765645,1.504859936276958,-0.961051690538838,0.5184953332343554
18.6890598,17.697480031145528,20.271176644457295,18.726958819521382,0.9915797688544714,-1.5821168444572962,-0.03789901952138308
16.5775984,16.57008010972829,16.260254212511494,16.44614989389272,0.007518290271708139,0.317344187488505,0.13144850610727943
14.7182949,14.023866780889943,14.790710684699729,14.330604323042348,0.6944281191100572,-0.07241578469972865,0.3876905769576524
12.5121727,13.339153834474995,14.015285082949116,13.609606333864644,-0.8269811344749947,-1.5031123829491158,-1.097433633864643
11.8635142,12.47978551019521,12.692950078142598,12.565051146639302,-0.6162713101952111,-0.8294358781425988,-0.7015369466393029
11.8427043,11.968083926332906,11.694622584474995,11.858699151171162,-0.1253796263329061,0.14808171552500404,-0.01599485117116295
11.9194607,11.67178113092275,11.998618432177022,11.80251581300588,0.24767956907725086,-0.0791577321770216,0.11694488699412098
12.6213594,12.066273757112935,12.230518885744527,12.131971665514424,0.5550856428870645,0.3908405142554727,0.48938773448557527
14.3651588,13.64913684953542,14.088992782724812,13.825079151285603,0.7160219504645795,0.2761660172751874,0.5400796487143964
15.8507201,15.470271237982228,16.172657796038106,15.751225896967366,0.38044886201777217,-0.3219376960381055,0.09949420303263423
17.2708001,16.545263596666768,17.28353864778371,16.840573617113545,0.725536503333231,-0.012738547783712306,0.4302264828864537
18.4802508,17.3732159816155,18.25961334337087,17.727774926317647,1.107034818384502,0.22063745662913092,0.7524758736823536
19.3240891,18.2331898890862,19.44870836366506,18.719397374285176,1.090899210913797,-0.12461926366506049,0.6046917257148223
19.5222221,18.664630719316914,19.505531140459492,19.000990697039082,0.8575913806830862,0.016690959540508032,0.5212314029609182
18.9843169,19.00573093522878,20.155796834124043,19.465757199419453,-0.021414035228779937,-1.1714799341240436,-0.48144029941945377
18.9619436,18.759887286318257,19.526249714983418,19.066432305468037,0.20205631368174437,-0.5643061149834168,-0.1044887054680359
18.9725584,18.422700472963765,19.076119252336934,18.68406803239675,0.5498579270362356,-0.10356085233693335,0.2884903676032522
18.9356499,18.488236971987202,19.117723294390156,18.7400315486321,0.44741292801279897,-0.18207339439015513,0.1956183513679015
18.8407399,18.47445923913808,19.407542534960225,18.847692795885518,0.3662806608619178,-0.5668026349602258,-0.006952895885518728
18.6360523,18.67129237283559,19.668494530809834,19.07017309297414,-0.03524007283559172,-1.0324422308098349,-0.4341207929741415
17.4851108,18.5484815322289,19.291260071886494,18.84559280504079,-1.0633707322289006,-1.8061492718864933,-1.3604820050407902
16.6289929,17.88224036325307,18.20559198488088,18.011581250322774,-1.2532474632530715,-1.576599084880879,-1.3825883503227736
16.3541573,16.29681558240743,16.28328687776418,16.29140407670827,0.05734171759257123,0.07087042223582074,0.06275322329172894
15.319768100000001,14.668064155472234,15.515683122766927,15.007111736429646,0.6517039445277675,-0.19591502276692552,0.31265636357035476
13.6139922,13.379134126795247,13.39767212499471,13.386549302233174,0.23485807320475338,0.2163200750052905,0.22744289776682614
12.1840598,12.159529276979878,12.3406334601769,12.231970854891255,0.02453052302012182,-0.15657366017689966,-0.047911054891255134
10.3534361,10.97601468194814,11.881370850695088,11.338157006395772,-0.6225785819481402,-1.5279347506950884,-0.984720906395772
9.9081261,10.289629765642598,10.642234154833272,10.430671521318867,-0.3815036656425974,-0.7341080548332712,-0.5225454213188669
9.9312535,10.138478585375264,10.254388638628438,10.18484241594167,-0.20722508537526352,-0.32313513862843735,-0.25358891594166977
9.8693563,10.253820725573018,10.305536099565938,10.274506875170186,-0.3844644255730181,-0.436179799565938,-0.40515057517018604
9.7877518,10.98609597314687,11.199135848177388,11.07131178010793,-1.1983441731468698,-1.4113840481773874,-1.2835599801079294
10.4630263,11.592757292879536,11.789491482866719,11.671450921190694,-1.1297309928795372,-1.3264651828667198,-1.2084246211906944
11.565704199999999,12.303166457308247,12.890691467417195,12.538176365984395,-0.7374622573082483,-1.324987267417196,-0.9724721659843958
12.6641651,13.066636868608906,13.507783480776265,13.243095465792134,-0.40247176860890654,-0.8436183807762649,-0.5789303657921341
13.4994451,13.613698073519185,13.94267464507909,13.74528867830129,-0.11425297351918395,-0.44322954507908996,-0.24584357830128845
14.0357977,14.185154625071004,14.195127733839467,14.189143844736531,-0.14935692507100384,-0.15933003383946698,-0.1533461447365312
14.330578500000001,14.412766137016728,14.778148495448544,14.558919080389455,-0.08218763701672671,-0.4475699954485428,-0.22834058038945315
14.399068799999998,14.407070644987538,15.354870983255818,14.786190786255315,-0.008001844987539641,-0.9558021832558197,-0.38712198625531613
14.490398700000002,14.384857066763356,15.1236243926415,14.680363991154149,0.1055416332366459,-0.6332256926414974,-0.18996529115414695
14.5865306,14.339722880018666,14.286781378878072,14.318546243799641,0.24680771998133366,0.29974922112192814,0.2679843562003583
14.666768300000001,14.467498996151402,14.839104526532605,14.616141193402722,0.19926930384859887,-0.17233622653260383,0.05062710659727898
14.849482,14.786791802240327,15.540582545889333,15.088308104170277,0.06269019775967344,-0.6911005458893325,-0.23882610417027728
14.9299503,14.953837730778172,15.455560156000569,15.154526718748524,-0.023887430778172458,-0.5256098560005693,-0.22457641874852463
14.583437700000001,14.991160415900662,15.963615962160542,15.380142637384846,-0.4077227159006611,-1.3801782621605412,-0.7967049373848454
14.127863300000001,14.400324412477925,14.51410050023885,14.445834823740437,-0.2724611124779237,-0.386237200238849,-0.3179715237404359
14.344076399999999,13.969173678053334,13.865819283617451,13.927831836832478,0.37490272194666474,0.4782571163825473,0.41624456316752045
13.7007076,13.78185124029012,13.90306044448705,13.830334850443318,-0.08114364029012044,-0.20235284448705038,-0.1296272504433187
12.577292700000001,12.98274464238973,12.508306332720235,12.792969294680073,-0.40545194238972826,0.06898636727976637,-0.2156765946800725
11.435034199999999,11.594269343508198,10.897655793322041,11.315623828066304,-0.15923514350819978,0.5373784066779574,0.11941037193369475
9.7884608,10.699397393358662,10.098858662737324,10.459181615007832,-0.9109365933586631,-0.31039786273732517,-0.670720815007833
9.3582007,9.658584900988057,9.174685784471944,9.465024777544453,-0.3003842009880575,0.18351491552805577,-0.106824077544454
9.3885966,9.467104741228535,9.123006650103047,9.329465218676045,-0.07850814122853578,0.2655899498969525,0.05913138132395446
9.2177661,9.358172722948506,9.52186519731374,9.423649617327168,-0.1404066229485057,-0.3040990973137401,-0.2058835173271678
9.0941874,9.908660241259053,9.377028294695332,9.696007558000996,-0.8144728412590538,-0.28284089469533313,-0.6018201580009972
9.770002,10.480107136858418,9.691159554613545,10.164527722490742,-0.7101051368584184,0.07884244538645468,-0.3945257224907426
10.932515,11.227345772875264,10.943733998430684,11.11390096773,-0.2948307728752635,-0.011218998430683413,-0.18138596772999982
12.1648958,12.120708295000508,11.801794596804097,11.993142672670796,0.04418750499949198,0.3631012031959031,0.1717531273292039
13.266363799999999,12.846244045389607,12.712972947252705,12.79293567766042,0.42011975461039164,0.5533908527472935,0.47342812233957865
14.2373407,13.304025241030171,13.705754705561116,13.464716979158833,0.9333154589698296,0.5315859944388848,0.7726237208411675
14.839191499999998,14.083110877169087,14.802181648878172,14.370739170206502,0.7560806228309112,0.03700985112182664,0.4684523297934966
15.1182408,14.534455367220357,15.687917240751698,14.995840110672429,0.5837854327796439,-0.5696764407516977,0.12240068932757175
15.2578259,15.009867676390126,15.03962778378816,15.021771722329571,0.2479582236098743,0.21819811621184115,0.2360541776704288
15.5907602,15.280464508427098,15.701140650404408,15.448734947336629,0.31029569157290204,-0.11038045040440814,0.1420252526633714
15.8964293,15.58918995488973,15.302290626657918,15.47443027128072,0.3072393451102702,0.5941386733420817,0.42199902871927897
15.931881599999999,16.177869983805135,16.273728676928,16.216213532579854,-0.24598838380513577,-0.34184707692799954,-0.284331932579855
15.8831108,16.245314189089253,15.742070742739156,16.044016905916646,-0.3622033890892524,0.14104005726084523,-0.160906105916645
15.3119434,16.003916689051106,16.10043127168508,16.042522498262837,-0.6919732890511057,-0.7884878716850778,-0.7305790982628366
15.320635900000001,15.244901426924184,15.204675265444234,15.228810974253133,0.07573447307581738,0.11596063455576733,0.0918249257468684
15.8074968,14.79773229625614,15.439055272234395,15.0542614989409,1.0097645037438596,0.36844152776560435,0.7532353010590995
15.1608978,15.282944985521748,15.624492772711232,15.419564076555684,-0.12204718552174754,-0.4635949727112312,-0.2586662765556831
13.739907800000001,15.071024217499211,14.104888566626027,14.684569963110402,-1.33111641749921,-0.36498076662602585,-0.9446621631104009
12.332949099999999,12.64877874482961,12.400325366152241,12.54939729799123,-0.31582964482961096,-0.06737626615224279,-0.21644819799123205
10.9433227,11.350642272127583,11.116055556429341,11.256807633532002,-0.40731957212758374,-0.17273285642934155,-0.3134849335320027
10.792008999999998,10.121600934160664,9.800042935503438,9.992977448595479,0.6704080658393341,0.9919660644965607,0.7990315514045196
11.0842036,9.642406769884541,9.689734765184834,9.661337681902364,1.4417968301154591,1.3944688348151661,1.4228659180976369
11.4568533,9.756152459276631,10.283974953783467,9.96728117097707,1.7007008407233695,1.1728783462165335,1.48957212902293
12.37835,10.688731499803975,11.183026143206074,10.886449166429951,1.6896185001960244,1.1953238567939248,1.4919008335700479
14.4505724,12.341029950273946,13.545448132646992,12.822797127855733,2.109542449726055,0.905124267353008,1.6277752721442678
16.360729499999998,14.139258035314992,15.27366865505071,14.593022250426724,2.2214714646850062,1.0870608449492885,1.7677072495732737
17.9138865,15.870882459772542,16.931104012621358,16.29497105707021,2.0430040402274585,0.9827824873786426,1.61891544292979
19.0348145,17.13424927820058,19.616988965166524,18.12734515298696,1.9005652217994182,-0.5821744651665242,0.9074693470130413
19.9839806,18.142124005449727,20.593174286974385,19.12254411805959,1.841856594550272,-0.6091936869743861,0.8614364819404088
20.4376445,18.84957391847463,20.93424493898244,19.683442422045186,1.588070581525372,-0.49660043898244055,0.7542020779548153
20.6943911,19.15329296220632,20.755450078142598,19.794155903948262,1.541098137793682,-0.0610589781425972,0.9002351960517387
20.8427722,19.12611086000295,21.28899747957082,19.99126560319753,1.7166613399970494,-0.4462252795708217,0.8515065968024693
21.0376179,19.32559520830007,21.441297360552266,20.17187625993581,1.7120226916999322,-0.4036794605522651,0.86574164006419
21.2284373,19.441592045916035,21.7494309626946,20.364727803362324,1.786845254083964,-0.5209936626946003,0.863709496637675
21.3958977,19.52572662462087,21.827915021074727,20.446602173937276,1.8701710753791296,-0.4320173210747278,0.9492955260627234
21.1236082,19.473059006823018,21.7969105922112,20.40260011781545,1.6505491931769818,-0.6733023922112018,0.7210080821845501
20.118751,19.368207284105733,21.36846286882253,20.16830999482961,0.7505437158942669,-1.24971186882253,-0.049558994829610015
19.0722402,18.81334836114736,20.157147236956074,19.350868054521992,0.2588918388526409,-1.084907036956075,-0.2786278545219929
18.54561,17.54715258706899,18.147188016069844,17.78716690172048,0.9984574129310104,0.39842198393015593,0.7584430982795212
16.998531,15.86371547807546,16.746703930986836,16.216910906923726,1.1348155219245406,0.25182706901316365,0.781620093076274
14.9004776,13.87490601171346,15.845273920191243,14.663053163183644,1.0255715882865406,-0.9447963201912426,0.23742443681635628
12.964216,12.604281731737569,13.102177330149129,12.803439923418477,0.3599342682624318,-0.13796133014912826,0.1607760765815236
10.7706021,11.491720744265034,12.830067464006856,12.027059384478047,-0.7211186442650348,-2.059465364006856,-1.2564572844780475
10.275568100000001,10.427197762621358,11.452646800173238,10.83737737764211,-0.1516296626213567,-1.1770787001732366,-0.5618092776421086
10.3029428,10.169923611772969,10.895300456179097,10.460074254167989,0.1330191882270313,-0.5923576561790966,-0.15713145416798824
10.4568894,10.229895897997334,11.086495705736592,10.57253534425588,0.22699350200266544,-0.6296063057365924,-0.11564594425587948
11.0714017,11.000029870165303,11.945694991243794,11.378295727861836,0.07137182983469614,-0.8742932912437951,-0.30689402786183706
12.6254706,12.311141081942036,12.703105755938008,12.467926808489278,0.3143295180579635,-0.07763515593800818,0.1575437915107223
13.8538068,14.158120163572743,14.32075698007436,14.223174878252461,-0.30431336357274397,-0.4669501800743614,-0.369368078252462
14.8569555,15.078484066618397,15.90961379636617,15.410935946596577,-0.2215285666183977,-1.05265829636617,-0.5539804465965776
15.7973104,15.697795041693166,15.795921631945088,15.737045713556721,0.09951535830683511,0.0013887680549125037,0.0602646864432792
16.6163447,16.34072346319051,16.685481139315083,16.478626557482198,0.2756212368094886,-0.06913643931508417,0.13771814251780157
16.9509014,16.792517729891255,17.100911923540547,16.915875502718404,0.1583836701087442,-0.15001052354054778,0.035025897281595775
17.0290154,16.97712142099233,17.209884472979024,17.07022673715444,0.051893979007669344,-0.180869072979025,-0.04121133715444003
17.0834944,17.11260110963674,17.16819078554006,17.134836979998067,-0.029106709636739225,-0.08469638554005954,-0.05134257999806735
17.3194441,16.99836928476186,16.85163313974233,16.93967492212148,0.32107481523813775,0.467810960257669,0.3797691778785186
17.7467042,17.29445607293935,17.671476670397237,17.445264407289937,0.4522481270606491,0.07522752960276335,0.30143979271006316
18.276283799999998,17.797904559267476,18.459833928240254,18.06267625917287,0.47837924073252225,-0.18355012824025607,0.21360754082712674
18.4119293,18.02700836290212,18.82514888871999,18.3462646685967,0.3849209370978812,-0.41321958871998987,0.06566463140330114
17.7293274,17.649535723818257,18.669799634111836,18.057641335619405,0.07979167618174188,-0.9404722341118372,-0.3283139356194056
16.9274783,17.245469876421406,17.69076568712087,17.42358810533376,-0.31799157642140585,-0.7632873871208687,-0.49610980533375937
16.7325104,16.201267429483845,16.273901291979268,16.230320998323872,0.5312429705161534,0.45860910802073107,0.5021894016761266
15.446464299999999,15.350184389246419,16.018510051859334,15.617514678133443,0.09627991075358011,-0.5720457518593349,-0.17105037813344381
13.5757211,13.639460989130452,13.509467788828328,13.587463685167744,-0.06373988913045103,0.06625331117167299,-0.011742585167743513
11.9231783,11.829730578554585,11.933224507463887,11.871128150118306,0.0934477214454148,-0.010046207463886958,0.0520501498816941
10.0522084,10.592234440935567,10.49022800554128,10.551431485308125,-0.540026040935567,-0.43801960554127994,-0.49922308530812565
9.6424863,9.711839982164815,10.113000699175313,9.872304268969014,-0.06935368216481486,-0.4705143991753129,-0.22981796896901407
9.7587216,9.708222695482686,9.923716374529317,9.794420071733906,0.05049890451731365,-0.1649947745293172,-0.035698471733907056
10.0380285,9.92003996003957,10.111939259661153,9.996799298418477,0.1179885399604288,-0.07391075966115324,0.041229201581522545
10.626323600000001,10.887368746889546,10.579948731554463,10.764400788439229,-0.26104514688954517,0.04637486844553784,-0.13807718843922778
12.15261,12.135686465395406,12.06901366342397,12.109017201555684,0.016923534604593726,0.08359633657602927,0.043592798444315406
13.364460900000001,13.494268604410603,13.41038055051656,13.46071333516927,-0.1298077044106023,-0.04591965051655933,-0.09625243516926929
14.3564767,14.180801221025899,14.102848657263234,14.149620123995259,0.1756754789741013,0.2536280427367661,0.20685657600474094
15.4381576,14.799513506559446,15.872389026773885,15.228663720978215,0.6386440934405542,-0.43423142677388427,0.2094938790217853
16.0632372,15.697547861231282,15.66831124652715,15.685853191507771,0.3656893387687177,0.39492595347284976,0.3773840084922284
16.5584627,16.1349871837029,15.834674664629414,16.01486224759908,0.4234755162970991,0.7237880353705854,0.5436004524009199
17.0094959,16.365167685640767,16.769552298677876,16.526921578539326,0.6443282143592342,0.23994360132212478,0.4825743214606746
17.3952495,16.75998205770345,17.836163350237324,17.19045478929372,0.6352674422965485,-0.440913850237326,0.20479471070627753
17.8499143,17.220265456331685,18.38993150819631,17.688132115496114,0.6296488436683134,-0.5400172081963106,0.1617821845038847
18.488151000000002,17.66461069215627,18.509404011858418,18.00252802003713,0.8235403078437322,-0.021253011858416215,0.48562297996287285
19.077443,18.167022296083882,19.120863267076924,18.54855901826711,0.9104207039161167,-0.043420267076925256,0.5288839817328892
19.2427332,18.23120529283376,19.491229840410664,18.73521549333425,1.01152790716624,-0.24849664041066433,0.5075177066657517
18.7384433,17.909752198351338,18.903509446276143,18.30725509752126,0.828691101648662,-0.1650661462761427,0.4311882024787401
18.1033112,17.473546095980122,18.379322358263448,17.8358567439446,0.629765104019878,-0.27601115826344724,0.2674544560554004
18.0370054,16.753117509973958,18.112073727739766,17.296700068605855,1.283887890026044,-0.07506832773976413,0.740305331394147
16.9246008,15.998390265596822,16.29017550577016,16.115104385508015,0.9262105344031788,0.634425294229839,0.809496414491985
15.017971000000001,14.950615980518773,15.111541875494435,15.014986344469502,0.06735501948122824,-0.09357087549443399,0.0029846555304988698
13.2658288,12.790396519792989,13.436534830225423,13.048851796282246,0.475432280207011,-0.17070603022542308,0.2169770037177532
11.243341399999998,11.34420783151479,11.805946417940572,11.52890307535024,-0.1008664315147918,-0.562605017940573,-0.285561675350241
10.734996899999999,10.3864258014092,10.669166394365742,10.499522038591817,0.34857109859079927,0.0658305056342563,0.23547486140818208
10.7863305,10.144532986772969,10.394421883715108,10.244488545549824,0.641797513227031,0.3919086162848924,0.5418419544501756
11.0112016,10.267694779528096,10.807068654192403,10.483444043291524,0.7435068204719038,0.2041329458075971,0.527757556708476
11.644779199999999,11.088285514009907,11.405718871248677,11.215258904589131,0.5564936859900911,0.23906032875132155,0.42952029541086745
13.457668799999999,12.484814950121358,12.558615275515034,12.514334984911397,0.972853849878641,0.8990535244849642,0.9433338150886019
15.0607971,14.42729378570409,15.660065182341054,14.920402341378644,0.6335033142959094,-0.5992680823410534,0.14039475862135653
16.4935787,15.58918995488973,16.223842331064656,15.84305102456899,0.9043887451102712,0.2697363689353445,0.650527675431011
17.8808724,16.56234771837087,17.756292172563985,17.039925643099263,1.3185246816291318,0.1245802274360166,0.8409467569007383
19.049195400000002,17.51615483392568,18.641195126665547,17.966171094072774,1.5330405660743232,0.408000273334455,1.0830243059272284
19.8964125,18.24798733819814,19.572275944841817,18.777702876223042,1.6484251618018604,0.3241365551581836,1.118709623776958
20.773635600000002,18.889771290911153,20.405477353228047,19.496053525103047,1.8838643090888496,0.3681582467719551,1.277582074896955
21.354854300000003,19.312200852526143,20.65433580507131,19.849055119646504,2.0426534474738602,0.7005184949286942,1.505799180353499
21.701411,19.859574624193623,21.922427006853535,20.684715577257588,1.841836375806377,-0.22101600685353517,1.016695422742412
22.070715699999997,20.16789085496755,22.648230382097676,21.160026856554463,1.9028248450324483,-0.5775146820976786,0.9106888434455342
22.4895656,20.355696507585957,22.48984033693166,21.209354230059102,2.1338690924140415,-0.00027473693166157886,1.280211369940897
22.4000206,20.469030686510518,21.968678303850606,21.068889924181416,1.9309899134894835,0.43134229614939557,1.331130675818585
22.001889900000002,20.180025406969502,22.04684240449758,20.926752396715596,1.8218644930304997,-0.044952504497576484,1.075137503284406
21.9118286,19.692162819994405,21.45091564287038,20.395664044512227,2.2196657800055952,0.46091295712961866,1.516164555487773
22.1834042,18.92020494569631,20.941805192125752,19.728845425737813,3.2631992543036894,1.241599007874246,2.4545587742621855
21.096259,18.546042510164693,20.99345762361379,19.525008507860615,2.5502164898353072,0.10280137638621056,1.5712504921393844
19.1095543,17.83973867524953,20.002651520861104,18.704903908861592,1.2698156247504677,-0.8930972208611045,0.4046503911384072
17.0981886,16.457382031572774,15.95743352998586,16.25740272630544,0.6408065684272266,1.1407550700141407,0.8407858736945606
14.6079381,13.662655898226216,14.598766528857663,14.037100084913686,0.9452822017737841,0.009171571142337243,0.5708380150863146
13.8706876,12.8716073714623,12.94022137750478,12.899052926195576,0.9990802285377001,0.9304662224952196,0.9716346738044237
13.7170841,12.564052172792866,12.807695218218281,12.661509343279317,1.1530319272071328,0.9093888817817177,1.0555747567206826
13.689777099999999,12.846322485102132,13.385349579943135,13.061933227671101,0.8434546148978672,0.3044275200568638,0.6278438723288975
14.2767052,13.38325161565633,14.018559166086629,13.637374588144734,0.8934535843436695,0.25814603391337165,0.6393306118552662
16.1629176,14.499355562818959,15.059573598993733,14.723442771328404,1.6635620371810411,1.103344001006267,1.439474828671596
18.0633615,17.525507994783833,19.293225594652608,18.232595273149922,0.5378535052161659,-1.2298640946526085,-0.16923377314992294
19.818373700000002,18.307665892733052,19.77217800248952,18.893470593584492,1.5107078072669502,0.04619569751048047,0.9249031064155098
21.4115304,19.162112065447285,20.20336801637502,19.57861454118581,2.249418334552715,1.2081623836249804,1.8329158588141894
22.616758700000002,19.96688301194997,21.06924707521291,20.407829114092305,2.649875688050031,1.5475116247870915,2.208929585907697
23.310545299999998,20.591577359331563,21.285826989305928,20.8692777835259,2.718967940668435,2.0247183106940696,2.441267516474099
23.637824300000002,20.988812752855733,22.327214070452168,21.524173565996602,2.6490115471442692,1.3106102295478337,2.1136507340034
23.9598975,21.132587739122823,22.64214212526174,21.736409970415547,2.827309760877178,1.3177553747382618,2.223487529584453
24.284312599999996,21.313208886278584,23.003540822161153,21.98934156526418,2.971103713721412,1.2807717778388437,2.2949710347358163
24.6642032,21.73533756364675,23.040399380815938,22.25736267198415,2.928865636353251,1.6238038191840616,2.4068405280158487
24.958335,22.176900693071797,23.534493275774434,22.71993810762258,2.7814343069282046,1.4238417242255679,2.2383968923774233
24.838831600000002,22.464217492235615,23.53133089174123,22.891062565935567,2.374614107764387,1.3075007082587717,1.9477690340644358
24.0312917,22.505523034227803,23.590863057268574,22.93965894807668,1.5257686657721976,0.4404286427314261,1.0916327519233207
23.1319859,21.7925217830071,23.31963426698537,22.40336687196584,1.3394641169929002,-0.18764836698537124,0.72861902803416
22.8439731,20.492375203264668,22.52824766267629,21.30672437776418,2.3515978967353313,0.31572543732371017,1.5372487222358195
21.5706762,19.20780737031789,20.96528036226125,19.91079694856496,2.3628688296821103,0.6053958377387509,1.65987925143504
19.62368,18.14599997629018,19.56254369844289,18.712617703569844,1.4776800237098193,0.06113630155710936,0.9110622964301562
17.680038,16.090470501078084,16.46239549745412,16.23924047578664,1.589567498921916,1.2176425025458784,1.4407975242133588
15.0449302,13.83474601138921,15.994721480501607,14.698736169231847,1.2101841886107891,-0.9497912805016071,0.346194030768153
14.093861799999999,13.105834790361836,14.06464959014745,13.489360638750508,0.9880270096381629,0.02921220985254891,0.604501161249491
13.7911508,12.812093325746968,13.543929644716695,13.104827710283711,0.9790574742530325,0.2472211552833059,0.6863230897162893
13.466966399999999,12.917220302713826,13.905558177126363,13.312555380953267,0.5497460972861727,-0.4385917771263639,0.15441101904673182
13.269961200000001,13.57311899293752,14.094731160295918,13.78176385988088,-0.3031577929375189,-0.8247699602959173,-0.5118026598808783
14.4291316,13.94340444434972,14.77849605385752,14.277441092623189,0.48572715565027913,-0.34936445385752,0.1516905073768111
16.2040765,14.754977271748498,15.621069856775716,15.101414331091359,1.4490992282515016,0.5830066432242837,1.1026621689086404
18.1298642,17.46773821939321,17.336669751299336,17.41531092752309,0.6621259806067918,0.7931944487006639,0.714553272476909
19.7741942,18.42182643045278,18.920413323534444,18.621261187685445,1.3523677695472216,0.8537808764655566,1.1529330123145556
20.941918700000002,19.557102032793477,19.997330971849873,19.733193703783467,1.3848166672065254,0.9445877281501289,1.2087249962165352
21.692248900000003,20.074723549974873,20.694091626299336,20.32247097123952,1.6175253500251294,0.9981572737006665,1.369777928760481
22.0501925,20.452281781328633,21.244515725267842,20.769175358904317,1.5979107186713684,0.8056767747321594,1.2810171410956848
22.1866621,20.642130204332783,21.783959218157246,21.098862000597432,1.544531895667216,0.40270288184275316,1.0878000994025676
22.4676379,20.693051644457295,22.18961412538381,21.291676827562764,1.7745862555427045,0.2780237746161909,1.1759610724372358
22.7301329,20.92227966417165,22.661441632402852,21.617944546831563,1.8078532358283503,0.06869126759714916,1.1121883531684382
22.981782999999997,21.13987238038869,22.75219041932912,21.78479940523,1.8419106196113049,0.22959258067087518,1.1969835947699963
22.893959700000003,21.21993000139089,23.27819711793752,22.043237038744405,1.6740296986091145,-0.3842374179375163,0.8507226612555989
21.979929300000002,21.387945004595235,23.14963609804006,22.092621632708028,0.5919842954047674,-1.1697067980400568,-0.11269233270802559
21.0826446,21.003275223864033,22.43803197969289,21.577177830828145,0.07936937613596484,-1.3553873796928926,-0.4945332308281465
20.8940053,19.778571911943867,21.463039227617696,20.452359028948262,1.1154333880561325,-0.5690339276176957,0.4416462710517379
19.823088799999997,18.878486462725117,20.436417409075215,19.501659222734883,0.9446023372748797,-0.6133286090752179,0.3214295772651141
18.3292045,17.447329112184956,17.84668619264455,17.607072182787373,0.8818753878150432,0.48251830735544843,0.7221323172126262
16.6551391,15.420113929403737,15.976058074129536,15.642491646898701,1.2350251705962627,0.6790810258704632,1.0126474531012981
14.0988239,13.740481921328023,15.520141490591481,14.452345737112477,0.3583419786719766,-1.4213175905914817,-0.35352183711247775
13.2970134,12.822279997957661,13.869301804197743,13.241088696611836,0.4747334020423395,-0.5722884041977423,0.05592470338816469
13.0181378,12.421209880007222,13.024801560533955,12.662646599901631,0.5969279199927779,-0.006663760533955454,0.35549120009836876
12.644343999999998,12.203879662645772,12.872758456362202,12.471431084764912,0.44046433735422674,-0.22841445636220392,0.17291291523508612
12.3743987,12.59418398965688,12.802275487078145,12.677420445574239,-0.2197852896568797,-0.42787678707814436,-0.3030217455742381
13.082718600000002,12.826834508074239,13.415934511316731,13.062474437845662,0.255884091925763,-0.3332159113167297,0.020244162154339662
14.445655,13.676951237810567,13.73764867414327,13.701230116976216,0.7687037621894337,0.7080063258567311,0.7444248830237843
15.326606299999998,15.447362192762807,15.592702516210988,15.505498357904866,-0.12075589276280851,-0.26609621621098967,-0.17889205790486784
16.0661399,16.157069631708577,16.005255051744893,16.09634382356496,-0.09092973170857732,0.06088484825510676,-0.0302039235649616
16.7999238,16.95488292802663,17.358627387178853,17.116380759371236,-0.1549591280266327,-0.5587035871788544,-0.3164569593712372
17.6873118,17.26061660875173,18.428203412188008,17.727651425493672,0.42669519124827104,-0.7408916121880083,-0.040339625493672315
18.492711399999997,17.763724871767476,18.684708424700215,18.13211853135915,0.7289865282325216,-0.19199702470021762,0.36059286864084683
18.6351475,18.095974274767354,19.178270646227315,18.528892823351338,0.5391732252326449,-0.5431231462273161,0.1062546766486605
18.440296699999998,18.273207255495503,19.529535123003438,18.775738545549824,0.16708944450449437,-1.0892384230034402,-0.3354418455498269
18.3917711,18.33895046342702,19.46745378602834,18.790351697100117,0.052820636572977975,-1.0756826860283404,-0.39858059710011773
18.6097745,18.14763505090566,18.901350804460957,18.449121304644063,0.4621394490943409,-0.29157630446095695,0.16065319535593758
19.0162281,18.29897529710622,19.188980408800557,18.65497738946767,0.7172528028937784,-0.17275230880055759,0.36125071053232816
18.5500012,18.496817656649068,20.489456483019307,19.293873616350606,0.053183543350932894,-1.9394552830193064,-0.7438724163506052
18.3681488,18.279117413652852,19.263130971086934,18.6727228843102,0.08903138634714836,-0.8949821710869337,-0.3045740843102003
18.709049099999998,17.534380742205098,18.620000668657735,17.968628712786153,1.1746683577949,0.08904843134226326,0.7404203872138453
17.7603956,17.50621134866567,18.92770177949758,18.074807473314717,0.25418425133432976,-1.1673061794975794,-0.3144118733147181
16.0781758,16.91881711114736,16.431456872118428,16.72387308706136,-0.8406413111473583,-0.35328107211842763,-0.6456972870613598
14.4103378,14.81120135900171,15.717059918535664,15.17354480255933,-0.40086355900171,-1.3067221185356637,-0.76320700255933
12.585808400000001,12.986764260424092,12.924087711466267,12.961693593157246,-0.4009558604240908,-0.3382793114662661,-0.3758851931572451
12.229548600000001,11.778647729052022,11.851249524248555,11.807688304079488,0.45090087094797937,0.37829907575144617,0.42186029592051355
12.458853600000001,11.373938151491597,11.617560931337788,11.471387215746358,1.0849154485084043,0.8412926686622129,0.9874663842536435
12.6957561,11.501267977846577,12.3069580279717,11.823543854845479,1.1944881221534231,0.3887980720283011,0.8722122451545218
13.584423600000001,12.381318637026265,13.59034664262624,12.864929743898823,1.203104962973736,-0.00592304262623955,0.7194938561011774
14.872874,14.301480003488972,15.30761993755193,14.703935959232762,0.5713939965110271,-0.4347459375519307,0.1689380407672374
16.1648509,15.797303327215626,15.648578711641743,15.737813540590718,0.36754757278437467,0.5162721883582577,0.4270373594092831
16.893273100000002,16.263181515825703,17.80725795854421,16.880812235964253,0.6300915841742984,-0.9139848585442074,0.012460864035748642
17.6721519,16.81623251069875,18.158183880938008,17.35301334489675,0.8559193893012491,-0.4860319809380087,0.31913855510325106
18.3848756,17.318366833818867,18.52805072892995,17.802240439547017,1.0665087661811334,-0.14317512892995055,0.582635160452984
18.958003,17.662254639757588,19.28448087800832,18.31114513505788,1.2957483602424134,-0.32647787800831907,0.6468578649421204
19.9763223,17.984542437685445,20.24255497087331,18.88774759401174,1.991779862314555,-0.26623267087331115,1.0885747059882611
20.8206379,18.462954350603535,20.91500074495168,19.443773099077656,2.357683549396466,-0.09436284495167868,1.3768648009223448
21.547286800000002,19.149671383989766,22.359301396501973,20.43352348436208,2.397615416010236,-0.8120145965019709,1.1137633156379216
22.2013417,19.663264104021504,23.0313232623467,21.010488339556172,2.5380775959784962,-0.8299815623466991,1.1908533604438283
22.7262771,20.17622882951589,22.941215344561055,21.282223530901387,2.550048270484112,-0.21493824456105415,1.4440535690986138
22.777197200000003,20.35436851610036,22.60921175111623,21.256306000841573,2.422828683899642,0.16798544888377265,1.5208911991584309
22.053222299999998,20.235690899980977,22.892037221086934,21.29822952379079,1.8175314000190212,-0.8388149210869358,0.7549927762092068
21.2735214,19.68789989580007,22.540246792925313,20.828839131487324,1.5856215041999313,-1.2667253929253128,0.44468226851267545
21.1060945,18.573271819246724,20.910795994890645,19.508281537188008,2.532822680753277,0.1952985051093563,1.597812962811993
19.7298587,17.791301556719258,20.164665051592305,18.74064714540334,1.9385571432807431,-0.43480635159230374,0.9892115545966611
17.5230845,16.935201712740376,17.850766011370137,17.30142743219228,0.5878827872596233,-0.32768151137013746,0.221657067807719
15.3213189,14.58201127578111,16.02114040483327,15.157662936342671,0.7393076242188901,-0.6998215048332721,0.16365596365732848
12.6514855,13.242576786173299,14.18595714200826,13.619928904665425,-0.5910912861732989,-1.5344716420082598,-0.9684434046654253
11.9390752,12.290228196276143,12.656490870607808,12.436733075273946,-0.35115299627614327,-0.7174156706078083,-0.497657875273946
11.8368738,11.755880423677876,11.645703860414937,11.711809703005269,0.08099337632212311,0.19116993958506256,0.12506409699473053
11.9106443,11.513188906801656,12.289310284746602,11.823637314928487,0.397455393198344,-0.3786659847466023,0.08700698507151294
12.4102203,11.901959725511983,12.426593371523335,12.111813136232808,0.508260574488018,-0.01637307152333456,0.2984071637671928
14.0735135,13.44066459764333,13.990965493811085,13.660784908426717,0.6328489023566704,0.08254800618891522,0.4127285915732841
15.504916999999999,15.180966325891927,15.692010708940938,15.38538409103246,0.32395067410807243,-0.1870937089409388,0.11953290896753899
16.755147,16.255082555902913,15.67886085141988,16.024593897951558,0.5000644440970881,1.0762861485801203,0.730553102048443
18.0479671,17.12664944757314,18.330094643724873,17.608027526033833,0.9213176524268611,-0.28212754372487225,0.4399395739661678
19.0185809,18.062094279421284,18.877077885759785,18.388087817324116,0.9564866205787155,0.1415030142402145,0.6304930826758834
19.702745800000002,18.52806455720754,19.42025215257497,18.88493949998708,1.174681242792463,0.28249364742503147,0.8178063000129221
20.1311589,18.998280354631856,20.10495836366506,19.44095165361257,1.1328785453681434,0.02620053633494024,0.6902072463874305
20.4193598,19.080070801866963,20.344557591570332,19.585865803850606,1.3392889981330356,0.07480220842966645,0.833493996149393
20.8376796,19.402355023516133,21.18422109712453,20.115101643694356,1.4353245764838682,-0.3465414971245302,0.7225779563056456
21.355748,19.696652718676045,22.076655217302754,20.64865381349416,1.6590952813239532,-0.7209072173027558,0.707094186505838
21.8245499,20.179818459642842,22.462644406450703,21.092948742998555,1.644731440357159,-0.6380945064507024,0.731601157001446
21.88799,20.308548756731465,22.387425252092793,21.140099354875996,1.5794412432685334,-0.4994352520927947,0.7478906451240022
21.4292665,20.193341084612324,21.689890690935567,20.791961022509053,1.2359254153876762,-0.260624190935566,0.6373054774909477
20.8829475,19.734804936541035,20.534947224749043,20.05486185182424,1.1481425634589648,0.348000275250957,0.8280856481757617
20.7864381,18.81576544870229,20.66145307649465,19.554040738237813,1.9706726512977113,0.1249850235053529,1.2323973617621888
19.3417408,17.95290357698293,20.223031350267842,18.86095506776662,1.3888372230170702,-0.8812905502678419,0.48078573223337884
17.1917729,17.02533108819814,17.68410212625356,17.288839646471455,0.16644181180186024,-0.4923292262535597,-0.09706674647145519
15.138968100000001,14.357935258043721,16.3191490851769,15.142420776976063,0.7810328419562804,-1.1801809851768983,-0.003452676976062108
12.560544499999999,12.968496390474751,13.450883098734334,13.161451049936726,-0.40795189047475233,-0.8903385987343349,-0.6009065499367274
11.851723400000001,11.920960494173482,12.641089030397847,12.209011860979512,-0.06923709417348078,-0.789365630397846,-0.35728846097951106
11.7863833,11.414975234163716,11.72306615938039,11.538211413515523,0.3714080658362846,0.0633171406196098,0.24817188648447797
11.8942329,11.312743731630757,12.189123221529439,11.663295336855366,0.5814891683692434,-0.2948903215294383,0.23093756314463398
12.478298500000001,11.853620120180562,12.441350527895406,12.0887122832665,0.6246783798194393,0.03694797210459555,0.3895862167335018
14.178273,13.581437059534505,14.382363983286336,13.90180779327245,0.5968359404654962,-0.2040909832863349,0.2764652067275506
15.796512,15.43605388034673,15.478633233202412,15.453085609568074,0.3604581196532699,0.31787876679758753,0.3434263904319259
17.315656999999998,16.48298306096883,16.718326159609273,16.57712037195058,0.8326739390311673,0.5973308403907254,0.7385366280494168
18.8163618,17.313047000063374,18.289930649889424,17.70380050767751,1.503314799936625,0.5264311501105752,1.1125612923224892
20.1787324,18.423427172792866,19.386577435625508,18.808687516344502,1.7553052272071348,0.7921549643744932,1.370044883655499
21.0699036,19.09872181047292,20.17399913896413,19.528832741869405,1.9711817895270798,0.8959044610358688,1.5410708581305954
21.8896873,19.735946484697774,21.543980427874043,20.459160157335713,2.153740815302225,0.3457068721259553,1.4305271426642854
22.600692900000002,20.03635151017995,21.701349564684346,20.702350922716573,2.5643413898200507,0.8993433353156561,1.8983419772834296
23.224757,20.654645272386983,22.403532811296895,21.354200192583516,2.5701117276130176,0.8212241887031055,1.8705568074164844
23.7548471,21.06320459474416,23.35401613344045,21.979529210222676,2.691642505255839,0.40083096655954975,1.7753178897773232
23.6046356,21.532695599688008,23.408192464006856,22.28289444078298,2.0719400003119937,0.196443135993146,1.321741159217023
22.6834652,21.543907948625996,23.016985722673848,22.133139439714864,1.1395572513740042,-0.33352052267384735,0.550325760285137
21.692429399999998,21.170807667864278,22.73403722871633,21.796099492205098,0.5216217321357206,-1.0416078287163302,-0.1036700922050997
21.0190621,20.01024467576833,21.561370202196553,20.630695172441914,1.008817424231669,-0.5423081021965537,0.388366927558085
20.8495775,18.861303635729268,20.803372212542012,19.638130971086934,1.988273864270731,0.0462052874579868,1.211446528913065
19.5671545,18.12194926370473,19.736129590166524,18.767621346605733,1.4452052362952692,-0.1689750901665228,0.7995331533942682
17.627898899999998,16.77972252000661,17.121836968553975,16.916568347109273,0.8481763799933866,0.5060619314460233,0.7113305528907254
15.7207384,14.600101121557667,15.398015805376485,14.919266992104962,1.1206372784423326,0.3227225946235155,0.801471407895038
13.3566021,13.008872100008443,14.2351447426209,13.499381014002278,0.3477299999915573,-0.8785426426209,-0.14277891400227816
12.810830300000001,12.336157628191426,13.170444556368306,12.669872351778462,0.474672671808575,-0.3596142563683049,0.14095794822153884
12.8062267,11.856194325579121,12.399546452654317,12.073535033358052,0.9500323744208785,0.4066802473456832,0.7326916666419478
13.021356899999999,11.758884974611714,12.867780038011983,12.202442952288106,1.2624719253882848,0.15357686198801623,0.8189139477118932
13.5813161,12.601783820284322,13.42665845979543,12.931733676088765,0.9795322797156789,0.1546576402045705,0.6495824239112356
15.083806699999998,14.429591246736958,14.968121715677693,14.64500343133302,0.6542154532630402,0.11568498432230534,0.4388032686669785
16.7317999,16.193990417612508,15.787653037203267,16.03145546544881,0.537809482387491,0.9441468627967318,0.7003444345511873
17.9203034,17.4116304599175,18.78620893586965,17.96146185029836,0.5086729400825014,-0.865905535869647,-0.04115845029835796
19.1370517,18.104929753435567,19.023833581102803,18.472491332186177,1.032121946564434,0.11321811889719768,0.6645603678138237
20.2038901,18.868389912737324,20.047270127428487,19.339941807878926,1.3355001872626744,0.15661997257151228,0.8639482921210728
20.857873899999998,19.32295209993215,20.288805314196065,19.709293194902852,1.534921800067849,0.569068585803933,1.148580705097146
21.1161623,19.730787106646016,21.40105516542287,20.398894616259053,1.3853751933539833,-0.2848928654228722,0.7172676837409462
21.385866800000002,19.785156079424336,21.880073376787617,20.62312299836965,1.600710720575666,-0.49420657678761515,0.7627438016303536
21.8248679,19.965396233690694,22.292348691118672,20.896177121294453,1.8594716663093074,-0.46748079111867114,0.9286907787055476
22.182253199999998,20.234762021196797,23.010217496050313,21.344944306505635,1.947491178803201,-0.8279642960503146,0.8373088934943631
22.169795099999998,20.60429222215505,23.22770483125539,21.653657742632344,1.5655028778449491,-1.0579097312553927,0.5161373573676542
21.808376600000003,20.692264386309102,23.145011731279805,21.673363515032246,1.1161122136909007,-1.3366351312798024,0.13501308496775621
21.1876089,20.410371609819844,22.681295224321797,21.318741150988057,0.7772372901801567,-1.4936863243217964,-0.13113225098805614
20.9767212,19.62440712083669,21.728027173174336,20.465855427874043,1.3523140791633104,-0.7513059731743361,0.5108657721259569
21.094475699999997,18.64681751359792,21.53287298311086,19.801239796770528,2.4476581864020766,-0.4383972831108629,1.2932359032294691
19.6634535,18.277981349123433,20.372042008532002,19.115605660570576,1.3854721508765664,-0.708588508532003,0.5478478394294228
17.260073799999997,17.49329526056142,18.12055379976125,17.744198628557637,-0.233221460561424,-0.8604799997612531,-0.48412482855763983
15.3561624,15.055265554083302,15.96949989427419,15.420959302080586,0.3008968459166983,-0.6133374942741892,-0.06479690208058564
13.008998899999998,13.280684777391865,13.597022601259663,13.407219835413411,-0.27168587739186734,-0.5880237012596652,-0.39822093541341275
12.3877293,12.476048537386372,12.645887204302266,12.54398400415273,-0.08831923738637215,-0.2581579043022657,-0.15625470415272957
12.2402703,11.920932360781148,12.323883601320698,12.082112618578389,0.3193379392188529,-0.08361330132069789,0.15815768142161168
12.241836699999999,11.792632647646382,12.118496485842183,11.922978230608418,0.4492040523536165,0.12334021415781571,0.31885846939158036
12.598261599999999,12.240814038408711,12.784792252672627,12.458405324114278,0.35744756159128777,-0.18653065267262825,0.13985627588572136
13.930126999999999,13.635392256868794,13.803895183695271,13.702793427599385,0.2947347431312046,0.12623181630472757,0.2273335724006138
15.2597786,15.0404465876946,15.542083450449422,15.241101332796529,0.21933201230540078,-0.282304850449421,0.01867726720347207
16.3461569,16.18836886514516,16.113036461962178,16.15823597539754,0.15778803485483905,0.23312043803782245,0.18792092460245868
17.028001,16.900780507219746,17.528182812822774,17.151741572512105,0.12722049278025338,-0.500181812822774,-0.12374057251210502
17.8652341,17.38448340524526,18.134397336138203,17.684449025286153,0.4807506947547395,-0.2691632361382048,0.18078507471384597
18.6714822,17.759519406450703,18.989991017473653,18.2517080985436,0.9119627935492964,-0.3185088174736528,0.4197741014564009
18.9328402,18.158768721712544,19.19976455797048,18.575167008532002,0.7740714782874569,-0.26692435797047764,0.3576731914679989
19.0070968,18.262456723345235,19.593081780565694,18.794706650865987,0.7446400766547647,-0.5859849805656943,0.21239014913401277
19.3312067,18.364574023378804,19.66960985292287,18.886588402880147,0.9666326766211952,-0.33840315292287215,0.44461829711985246
19.6495286,18.621629305971577,19.552728482378438,18.994068928850606,1.0278992940284226,0.09680011762156226,0.6554596711493943
19.7318093,19.040541478289082,20.199084111345723,19.50395853151174,0.691267821710916,-0.46727481134572457,0.2278507684882598
19.361793799999997,19.04143077958913,21.070451089037373,19.85303909410329,0.3203630204108663,-1.708657289037376,-0.4912452941032939
18.5761546,18.811575003756,19.764417477739766,19.192712136400655,-0.23542040375600237,-1.188262877739767,-0.6165575364006557
18.0746382,18.100501128328755,19.143445798052266,18.517679043901875,-0.02586292832875614,-1.0688075980522669,-0.44304084390187626
18.135611,17.099599667681172,18.60447008241506,17.70154792894216,1.0360113323188287,-0.468859082415058,0.43406307105784236
17.0201979,16.587119170320943,17.643626996172383,17.00972230066152,0.4330787296790568,-0.6234290961723836,0.010475599338480635
15.3748423,15.28213170994611,16.69085604776235,15.845621534479573,0.09271059005388871,-1.3160137477623497,-0.4707792344795738
13.715331399999998,13.605750390184834,13.73091358770223,13.655815669191792,0.10958100981516417,-0.015582187702230854,0.05951573080820616
11.6082052,12.338575907839253,12.972290345323994,12.592061587465718,-0.7303707078392527,-1.364085145323994,-0.9838563874657176
10.9946801,11.230160781038716,11.591590233934834,11.374732323778584,-0.235480681038716,-0.5969101339348342,-0.38005222377858416
10.896770400000001,10.80666620363088,10.595511742723897,10.72220403779836,0.09010419636912204,0.30125865727610446,0.17456636220164157
10.813926,10.599203892839864,10.930106230867818,10.731564351213887,0.21472210716013684,-0.11618023086781726,0.0823616487861134
10.773720800000001,11.119208165300801,11.239108630312398,11.167168208254292,-0.3454873653007997,-0.4653878303123964,-0.3934474082542909
11.277947,11.768461295259907,12.300315924776509,11.981202908647969,-0.4905142952599082,-1.0223689247765098,-0.7032559086479697
12.2454965,12.55723125566335,13.042020984781697,12.751147099626973,-0.31173475566335007,-0.7965244847816972,-0.5056505996269731
13.233020100000001,13.577156969202473,13.816136666429951,13.672748871935323,-0.34413686920247244,-0.5831165664299505,-0.43972877193532156
14.0801605,14.202573546064809,14.70565826524587,14.403807409895375,-0.12241304606480874,-0.6254977652458695,-0.32364690989537515
14.7671773,14.734723583651498,16.019918509615376,15.248801567448094,0.03245371634850258,-1.252741209615376,-0.48162426744809395
15.3997083,15.216174193514302,15.445696660173848,15.307983198059514,0.18353410648569835,-0.04598836017384755,0.09172510194048655
15.6850376,15.515328236711934,15.58131880391927,15.541724511278584,0.16970936328806552,0.10371879608072909,0.14331308872141513
15.9738558,15.644388683927968,16.11092121232839,15.831001707209065,0.32946711607203305,-0.1370654123283881,0.14285409279093564
16.2649178,15.945095845354512,15.49759966958852,15.766097375048115,0.31982195464548724,0.7673181304114784,0.4988204249518837
16.5342575,16.316668935907796,16.863298007143452,16.535320588243916,0.21758856409220328,-0.32904050714345345,-0.0010630882439173206
16.8368001,16.74672193158956,16.235487290514424,16.542228051317647,0.09007816841044303,0.6013128094855773,0.29457204868235465
16.7773382,16.960889884127095,17.77186519731374,17.28528005708547,-0.18355168412709588,-0.9945269973137414,-0.5079418570854699
16.0851252,16.823390313280537,17.51953513254018,17.101848431719258,-0.7382651132805371,-1.4344099325401807,-1.0167232317192578
15.607722299999999,16.1204608165154,15.787034460199788,15.987090297831013,-0.5127385165154017,-0.1793121601997889,-0.3793679978310145
15.755311100000002,15.14080173601003,15.229547687662556,15.17630011667104,0.6145093639899724,0.5257634123374455,0.5790109833289616
15.1036833,14.96281198490949,14.996072479380086,14.976116188658192,0.14087131509051076,0.10761082061991445,0.12756711134180776
13.9737543,14.396267303121999,14.459901728523686,14.421721049440816,-0.422513003121999,-0.48614742852368664,-0.44796674944081616
12.783448,12.892870017183736,12.837639042032674,12.870777674807027,-0.10942201718373568,-0.054191042032673664,-0.08732967480702669
11.0766185,11.750863858355,11.592186757219746,11.687393017900899,-0.6742453583549999,-0.515568257219746,-0.6107745179008983
10.604581999999999,10.650456734789326,9.905114480150655,10.352319546831563,-0.045874734789327576,0.6994675198493443,0.2522624531684361
10.5083746,10.240852662218526,9.827024766100362,10.07532150377126,0.26752193778147415,0.6813498338996382,0.4330530962287398
10.4022567,10.075320550096944,10.022923298967793,10.054361649645283,0.32693614990305697,0.37933340103220736,0.34789505035471713
10.2795111,10.547911950243428,10.238519974840596,10.424155064714864,-0.2684008502434274,0.04099112515940462,-0.14464396471486296
10.667909199999999,11.164446898592427,10.649852582109883,10.95860893358083,-0.49653769859242836,0.01805661789011559,-0.2906997335808317
11.5576466,11.966956206453755,11.540230342043355,11.79626590837331,-0.40930960645375514,0.017416257956645254,-0.2386193083733108
12.6397303,12.658402272356465,12.36986143220754,12.542985745562031,-0.018671972356465005,0.2698688677924608,0.09674455443796859
13.5233352,13.28787786592336,13.55192370046468,13.393496104372456,0.23545733407664038,-0.028588500464680422,0.1298390956275437
14.243855900000002,13.858586379183247,14.112100788248494,13.959992118967488,0.38526952081675425,0.13175511175150767,0.28386378103251353
14.6239779,14.371902265442326,14.548790343893483,14.442657478941396,0.25207563455767357,0.07518755610651695,0.18132042105860435
14.7301328,14.566526152981236,15.01744631756635,14.746894211364701,0.1636066470187636,-0.28731351756634993,-0.016761411364701218
14.6439116,14.690787606728986,14.72373017002435,14.703964629066899,-0.0468760067289864,-0.07981857002435078,-0.06005302906689991
14.6019076,14.45760927428098,14.997959517730191,14.6737493657002,0.14429832571902068,-0.39605191773019044,-0.07184176570019929
14.713546699999998,14.393918075455144,14.764768400085881,14.54225818146558,0.31962862454485474,-0.05122170008588256,0.17128851853441773
15.350405700000001,14.47907842029424,15.42450649370046,14.85724964071603,0.8713272797057616,-0.07410079370045786,0.49315605928397055
15.552019699999999,15.465392240179494,15.883090921534016,15.63247174848409,0.08662745982050524,-0.33107122153401747,-0.08045204848409071
14.8207527,15.855389543665364,15.674083062303975,15.782867022646382,-1.0346368436653641,-0.853330362303975,-0.9621143226463822
14.6454089,15.112850048435643,15.73216349710317,15.360575445784047,-0.4674411484356433,-1.0867545971031696,-0.7151665457840473
14.976099399999999,14.229233869207814,14.14650959600301,14.196144171846822,0.746865530792185,0.8295898039969885,0.7799552281531774
14.2771244,14.16439426769109,14.382634111536458,14.251690217150166,0.1127301323089096,-0.10550971153645783,0.025434182849833675
13.1530139,13.904855140341237,13.139310785425618,13.598637410295918,-0.7518412403412373,0.013703114574381559,-0.44562351029591873
12.0425182,11.964334794176533,11.672740288866475,11.847697087419942,0.0781834058234665,0.3697779111335251,0.1948211125800583
